,Name,Type1,Type2,Total,HP,Attack,Defence,Sp.Attack,Sp.Defence,Speed
0,Bulbasaur,Poison,Grass,318,45,49,49,65,65,45
1,Ivysaur,Poison,Grass,405,60,62,63,80,80,60
2,Venusaur,Poison,Grass,525,80,82,83,100,100,80
3,Venusaur,Poison,Grass,625,80,100,123,122,120,80
4,Charmander,Fire,Not Available,309,39,52,43,60,50,65
5,Charmeleon,Fire,Not Available,405,58,64,58,80,65,80
6,Charizard,Flying,Fire,534,78,84,78,109,85,100
7,Charizard,Dragon,Fire,634,78,130,111,130,85,100
8,Charizard,Flying,Fire,634,78,104,78,159,115,100
9,Squirtle,Water,Not Available,314,44,48,65,50,64,43
10,Wartortle,Water,Not Available,405,59,63,80,65,80,58
11,Blastoise,Water,Not Available,530,79,83,100,85,105,78
12,Blastoise,Water,Not Available,630,79,103,120,135,115,78
13,Caterpie,Bug,Not Available,195,45,30,35,20,20,45
14,Metapod,Bug,Not Available,205,50,20,55,25,25,30
15,Butterfree,Flying,Bug,395,60,45,50,90,80,70
16,Weedle,Poison,Bug,195,40,35,30,20,20,50
17,Kakuna,Poison,Bug,205,45,25,50,25,25,35
18,Beedrill,Poison,Bug,395,65,90,40,45,80,75
19,Beedrill,Poison,Bug,495,65,150,40,15,80,145
20,Pidgey,Flying,Normal,251,40,45,40,35,35,56
21,Pidgeotto,Flying,Normal,349,63,60,55,50,50,71
22,Pidgeot,Flying,Normal,479,83,80,75,70,70,101
23,Pidgeot,Flying,Normal,579,83,80,80,135,80,121
24,Rattata,Normal,Not Available,253,30,56,35,25,35,72
25,Rattata,Normal,Dark,253,30,56,35,25,35,72
26,Raticate,Normal,Not Available,413,55,81,60,50,70,97
27,Raticate,Normal,Dark,413,75,71,70,40,80,77
28,Spearow,Flying,Normal,262,40,60,30,31,31,70
29,Fearow,Flying,Normal,442,65,90,65,61,61,100
30,Ekans,Poison,Not Available,288,35,60,44,40,54,55
31,Arbok,Poison,Not Available,448,60,95,69,65,79,80
32,Pikachu,Electric,Not Available,320,35,55,40,50,50,90
33,Pikachu,Electric,Not Available,430,45,80,50,75,60,120
34,Raichu,Electric,Not Available,485,60,90,55,90,80,110
35,Raichu,Psychic,Electric,485,60,85,50,95,85,110
36,Sandshrew,Ground,Not Available,300,50,75,85,20,30,40
37,Sandshrew,Steel,Ice,300,50,75,90,10,35,40
38,Sandslash,Ground,Not Available,450,75,100,110,45,55,65
39,Sandslash,Steel,Ice,450,75,100,120,25,65,65
40,Nidoran\u2640,Poison,Not Available,275,55,47,52,40,40,41
41,Nidorina,Poison,Not Available,365,70,62,67,55,55,56
42,Nidoqueen,Ground,Poison,505,90,92,87,75,85,76
43,Nidoran\u2642,Poison,Not Available,273,46,57,40,40,40,50
44,Nidorino,Poison,Not Available,365,61,72,57,55,55,65
45,Nidoking,Ground,Poison,505,81,102,77,85,75,85
46,Clefairy,Fairy,Not Available,323,70,45,48,60,65,35
47,Clefable,Fairy,Not Available,483,95,70,73,95,90,60
48,Vulpix,Fire,Not Available,299,38,41,40,50,65,65
49,Vulpix,Ice,Not Available,299,38,41,40,50,65,65
50,Ninetales,Fire,Not Available,505,73,76,75,81,100,100
51,Ninetales,Fairy,Ice,505,73,67,75,81,100,109
52,Jigglypuff,Fairy,Normal,270,115,45,20,45,25,20
53,Wigglytuff,Fairy,Normal,435,140,70,45,85,50,45
54,Zubat,Flying,Poison,245,40,45,35,30,40,55
55,Golbat,Flying,Poison,455,75,80,70,65,75,90
56,Oddish,Poison,Grass,320,45,50,55,75,65,30
57,Gloom,Poison,Grass,395,60,65,70,85,75,40
58,Vileplume,Poison,Grass,490,75,80,85,110,90,50
59,Paras,Grass,Bug,285,35,70,55,45,55,25
60,Parasect,Grass,Bug,405,60,95,80,60,80,30
61,Venonat,Poison,Bug,305,60,55,50,40,55,45
62,Venomoth,Poison,Bug,450,70,65,60,90,75,90
63,Diglett,Ground,Not Available,265,10,55,25,35,45,95
64,Diglett,Steel,Ground,265,10,55,30,35,45,90
65,Dugtrio,Ground,Not Available,425,35,100,50,50,70,120
66,Dugtrio,Steel,Ground,425,35,100,60,50,70,110
67,Meowth,Normal,Not Available,290,40,45,35,40,40,90
68,Meowth,Dark,Not Available,290,40,35,35,50,40,90
69,Persian,Normal,Not Available,440,65,70,60,65,65,115
70,Persian,Dark,Not Available,440,65,60,60,75,65,115
71,Psyduck,Water,Not Available,320,50,52,48,65,50,55
72,Golduck,Water,Not Available,500,80,82,78,95,80,85
73,Mankey,Fighting,Not Available,305,40,80,35,35,45,70
74,Primeape,Fighting,Not Available,455,65,105,60,60,70,95
75,Growlithe,Fire,Not Available,350,55,70,45,70,50,60
76,Arcanine,Fire,Not Available,555,90,110,80,100,80,95
77,Poliwag,Water,Not Available,300,40,50,40,40,40,90
78,Poliwhirl,Water,Not Available,385,65,65,65,50,50,90
79,Poliwrath,Fighting,Water,510,90,95,95,70,90,70
80,Abra,Psychic,Not Available,310,25,20,15,105,55,90
81,Kadabra,Psychic,Not Available,400,40,35,30,120,70,105
82,Alakazam,Psychic,Not Available,500,55,50,45,135,95,120
83,Alakazam,Psychic,Not Available,600,55,50,65,175,105,150
84,Machop,Fighting,Not Available,305,70,80,50,35,35,35
85,Machoke,Fighting,Not Available,405,80,100,70,50,60,45
86,Machamp,Fighting,Not Available,505,90,130,80,65,85,55
87,Bellsprout,Poison,Grass,300,50,75,35,70,30,40
88,Weepinbell,Poison,Grass,390,65,90,50,85,45,55
89,Victreebel,Poison,Grass,490,80,105,65,100,70,70
90,Tentacool,Poison,Water,335,40,40,35,50,100,70
91,Tentacruel,Poison,Water,515,80,70,65,80,120,100
92,Geodude,Ground,Rock,300,40,80,100,30,30,20
93,Geodude,Electric,Rock,300,40,80,100,30,30,20
94,Graveler,Ground,Rock,390,55,95,115,45,45,35
95,Graveler,Electric,Rock,390,55,95,115,45,45,35
96,Golem,Ground,Rock,495,80,120,130,55,65,45
97,Golem,Electric,Rock,495,80,120,130,55,65,45
98,Ponyta,Fire,Not Available,410,50,85,55,65,65,90
99,Rapidash,Fire,Not Available,500,65,100,70,80,80,105
100,Slowpoke,Psychic,Water,315,90,65,65,40,40,15
101,Slowbro,Psychic,Water,490,95,75,110,100,80,30
102,Slowbro,Psychic,Water,590,95,75,180,130,80,30
103,Magnemite,Steel,Electric,325,25,35,70,95,55,45
104,Magneton,Steel,Electric,465,50,60,95,120,70,70
105,Farfetch'd,Flying,Normal,377,52,90,55,58,62,60
106,Doduo,Flying,Normal,310,35,85,45,35,35,75
107,Dodrio,Flying,Normal,470,60,110,70,60,60,110
108,Seel,Water,Not Available,325,65,45,55,45,70,45
109,Dewgong,Ice,Water,475,90,70,80,70,95,70
110,Grimer,Poison,Not Available,325,80,80,50,40,50,25
111,Grimer,Dark,Poison,325,80,80,50,40,50,25
112,Muk,Poison,Not Available,500,105,105,75,65,100,50
113,Muk,Dark,Poison,500,105,105,75,65,100,50
114,Shellder,Water,Not Available,305,30,65,100,45,25,40
115,Cloyster,Ice,Water,525,50,95,180,85,45,70
116,Gastly,Poison,Ghost,310,30,35,30,100,35,80
117,Haunter,Poison,Ghost,405,45,50,45,115,55,95
118,Gengar,Poison,Ghost,500,60,65,60,130,75,110
119,Gengar,Poison,Ghost,600,60,65,80,170,95,130
120,Onix,Ground,Rock,385,35,45,160,30,45,70
121,Drowzee,Psychic,Not Available,328,60,48,45,43,90,42
122,Hypno,Psychic,Not Available,483,85,73,70,73,115,67
123,Krabby,Water,Not Available,325,30,105,90,25,25,50
124,Kingler,Water,Not Available,475,55,130,115,50,50,75
125,Voltorb,Electric,Not Available,330,40,30,50,55,55,100
126,Electrode,Electric,Not Available,490,60,50,70,80,80,150
127,Exeggcute,Psychic,Grass,325,60,40,80,60,45,40
128,Exeggutor,Psychic,Grass,530,95,95,85,125,75,55
129,Exeggutor,Dragon,Grass,530,95,105,85,125,75,45
130,Cubone,Ground,Not Available,320,50,50,95,40,50,35
131,Marowak,Ground,Not Available,425,60,80,110,50,80,45
132,Marowak,Ghost,Fire,425,60,80,110,50,80,45
133,Hitmonlee,Fighting,Not Available,455,50,120,53,35,110,87
134,Hitmonchan,Fighting,Not Available,455,50,105,79,35,110,76
135,Lickitung,Normal,Not Available,385,90,55,75,60,75,30
136,Koffing,Poison,Not Available,340,40,65,95,60,45,35
137,Weezing,Poison,Not Available,490,65,90,120,85,70,60
138,Rhyhorn,Rock,Ground,345,80,85,95,30,30,25
139,Rhydon,Rock,Ground,485,105,130,120,45,45,40
140,Chansey,Normal,Not Available,450,250,5,5,35,105,50
141,Tangela,Grass,Not Available,435,65,55,115,100,40,60
142,Kangaskhan,Normal,Not Available,490,105,95,80,40,80,90
143,Kangaskhan,Normal,Not Available,590,105,125,100,60,100,100
144,Horsea,Water,Not Available,295,30,40,70,70,25,60
145,Seadra,Water,Not Available,440,55,65,95,95,45,85
146,Goldeen,Water,Not Available,320,45,67,60,35,50,63
147,Seaking,Water,Not Available,450,80,92,65,65,80,68
148,Staryu,Water,Not Available,340,30,45,55,70,55,85
149,Starmie,Psychic,Water,520,60,75,85,100,85,115
150,Mr. ,Fairy,Psychic,460,40,45,65,100,120,90
151,Scyther,Flying,Bug,500,70,110,80,55,80,105
152,Jynx,Psychic,Ice,455,65,50,35,115,95,95
153,Electabuzz,Electric,Not Available,490,65,83,57,95,85,105
154,Magmar,Fire,Not Available,495,65,95,57,100,85,93
155,Pinsir,Bug,Not Available,500,65,125,100,55,70,85
156,Pinsir,Flying,Bug,600,65,155,120,65,90,105
157,Tauros,Normal,Not Available,490,75,100,95,40,70,110
158,Magikarp,Water,Not Available,200,20,10,55,15,20,80
159,Gyarados,Flying,Water,540,95,125,79,60,100,81
160,Gyarados,Dark,Water,640,95,155,109,70,130,81
161,Lapras,Ice,Water,535,130,85,80,85,95,60
162,Ditto,Normal,Not Available,288,48,48,48,48,48,48
163,Eevee,Normal,Not Available,325,55,55,50,45,65,55
164,Eevee,Normal,Not Available,435,65,75,70,65,85,75
165,Vaporeon,Water,Not Available,525,130,65,60,110,95,65
166,Jolteon,Electric,Not Available,525,65,65,60,110,95,130
167,Flareon,Fire,Not Available,525,65,130,60,95,110,65
168,Porygon,Normal,Not Available,395,65,60,70,85,75,40
169,Omanyte,Water,Rock,355,35,40,100,90,55,35
170,Omastar,Water,Rock,495,70,60,125,115,70,55
171,Kabuto,Water,Rock,355,30,80,90,55,45,55
172,Kabutops,Water,Rock,495,60,115,105,65,70,80
173,Aerodactyl,Flying,Rock,515,80,105,65,60,75,130
174,Aerodactyl,Flying,Rock,615,80,135,85,70,95,150
175,Snorlax,Normal,Not Available,540,160,110,65,65,110,30
176,Articuno,Flying,Ice,580,90,85,100,95,125,85
177,Zapdos,Flying,Electric,580,90,90,85,125,90,100
178,Moltres,Flying,Fire,580,90,100,90,125,85,90
179,Dratini,Dragon,Not Available,300,41,64,45,50,50,50
180,Dragonair,Dragon,Not Available,420,61,84,65,70,70,70
181,Dragonite,Flying,Dragon,600,91,134,95,100,100,80
182,Mewtwo,Psychic,Not Available,680,106,110,90,154,90,130
183,Mewtwo,Fighting,Psychic,780,106,190,100,154,100,130
184,Mewtwo,Psychic,Not Available,780,106,150,70,194,120,140
185,Mew,Psychic,Not Available,600,100,100,100,100,100,100
186,Chikorita,Grass,Not Available,318,45,49,65,49,65,45
187,Bayleef,Grass,Not Available,405,60,62,80,63,80,60
188,Meganium,Grass,Not Available,525,80,82,100,83,100,80
189,Cyndaquil,Fire,Not Available,309,39,52,43,60,50,65
190,Quilava,Fire,Not Available,405,58,64,58,80,65,80
191,Typhlosion,Fire,Not Available,534,78,84,78,109,85,100
192,Totodile,Water,Not Available,314,50,65,64,44,48,43
193,Croconaw,Water,Not Available,405,65,80,80,59,63,58
194,Feraligatr,Water,Not Available,530,85,105,100,79,83,78
195,Sentret,Normal,Not Available,215,35,46,34,35,45,20
196,Furret,Normal,Not Available,415,85,76,64,45,55,90
197,Hoothoot,Flying,Normal,262,60,30,30,36,56,50
198,Noctowl,Flying,Normal,452,100,50,50,86,96,70
199,Ledyba,Flying,Bug,265,40,20,30,40,80,55
200,Ledian,Flying,Bug,390,55,35,50,55,110,85
201,Spinarak,Poison,Bug,250,40,60,40,40,40,30
202,Ariados,Poison,Bug,400,70,90,70,60,70,40
203,Crobat,Flying,Poison,535,85,90,80,70,80,130
204,Chinchou,Electric,Water,330,75,38,38,56,56,67
205,Lanturn,Electric,Water,460,125,58,58,76,76,67
206,Pichu,Electric,Not Available,205,20,40,15,35,35,60
207,Cleffa,Fairy,Not Available,218,50,25,28,45,55,15
208,Igglybuff,Fairy,Normal,210,90,30,15,40,20,15
209,Togepi,Fairy,Not Available,245,35,20,65,40,65,20
210,Togetic,Flying,Fairy,405,55,40,85,80,105,40
211,Natu,Flying,Psychic,320,40,50,45,70,45,70
212,Xatu,Flying,Psychic,470,65,75,70,95,70,95
213,Mareep,Electric,Not Available,280,55,40,40,65,45,35
214,Flaaffy,Electric,Not Available,365,70,55,55,80,60,45
215,Ampharos,Electric,Not Available,510,90,75,85,115,90,55
216,Ampharos,Dragon,Electric,610,90,95,105,165,110,45
217,Bellossom,Grass,Not Available,490,75,80,95,90,100,50
218,Marill,Fairy,Water,250,70,20,50,20,50,40
219,Azumarill,Fairy,Water,420,100,50,80,60,80,50
220,Sudowoodo,Rock,Not Available,410,70,100,115,30,65,30
221,Politoed,Water,Not Available,500,90,75,75,90,100,70
222,Hoppip,Flying,Grass,250,35,35,40,35,55,50
223,Skiploom,Flying,Grass,340,55,45,50,45,65,80
224,Jumpluff,Flying,Grass,460,75,55,70,55,95,110
225,Aipom,Normal,Not Available,360,55,70,55,40,55,85
226,Sunkern,Grass,Not Available,180,30,30,30,30,30,30
227,Sunflora,Grass,Not Available,425,75,75,55,105,85,30
228,Yanma,Flying,Bug,390,65,65,45,75,45,95
229,Wooper,Ground,Water,210,55,45,45,25,25,15
230,Quagsire,Ground,Water,430,95,85,85,65,65,35
231,Espeon,Psychic,Not Available,525,65,65,60,130,95,110
232,Umbreon,Dark,Not Available,525,95,65,110,60,130,65
233,Murkrow,Flying,Dark,405,60,85,42,85,42,91
234,Slowking,Psychic,Water,490,95,75,80,100,110,30
235,Misdreavus,Ghost,Not Available,435,60,60,60,85,85,85
236,Unown,Psychic,Not Available,336,48,72,48,72,48,48
237,Wobbuffet,Psychic,Not Available,405,190,33,58,33,58,33
238,Girafarig,Psychic,Normal,455,70,80,65,90,65,85
239,Pineco,Bug,Not Available,290,50,65,90,35,35,15
240,Forretress,Steel,Bug,465,75,90,140,60,60,40
241,Dunsparce,Normal,Not Available,415,100,70,70,65,65,45
242,Gligar,Flying,Ground,430,65,75,105,35,65,85
243,Steelix,Ground,Steel,510,75,85,200,55,65,30
244,Steelix,Ground,Steel,610,75,125,230,55,95,30
245,Snubbull,Fairy,Not Available,300,60,80,50,40,40,30
246,Granbull,Fairy,Not Available,450,90,120,75,60,60,45
247,Qwilfish,Poison,Water,440,65,95,85,55,55,85
248,Scizor,Steel,Bug,500,70,130,100,55,80,65
249,Scizor,Steel,Bug,600,70,150,140,65,100,75
250,Shuckle,Rock,Bug,505,20,10,230,10,230,5
251,Heracross,Fighting,Bug,500,80,125,75,40,95,85
252,Heracross,Fighting,Bug,600,80,185,115,40,105,75
253,Sneasel,Ice,Dark,430,55,95,55,35,75,115
254,Teddiursa,Normal,Not Available,330,60,80,50,50,50,40
255,Ursaring,Normal,Not Available,500,90,130,75,75,75,55
256,Slugma,Fire,Not Available,250,40,40,40,70,40,20
257,Magcargo,Rock,Fire,430,60,50,120,90,80,30
258,Swinub,Ground,Ice,250,50,50,40,30,30,50
259,Piloswine,Ground,Ice,450,100,100,80,60,60,50
260,Corsola,Rock,Water,410,65,55,95,65,95,35
261,Remoraid,Water,Not Available,300,35,65,35,65,35,65
262,Octillery,Water,Not Available,480,75,105,75,105,75,45
263,Delibird,Flying,Ice,330,45,55,45,65,45,75
264,Mantine,Flying,Water,485,85,40,70,80,140,70
265,Skarmory,Flying,Steel,465,65,80,140,40,70,70
266,Houndour,Fire,Dark,330,45,60,30,80,50,65
267,Houndoom,Fire,Dark,500,75,90,50,110,80,95
268,Houndoom,Fire,Dark,600,75,90,90,140,90,115
269,Kingdra,Dragon,Water,540,75,95,95,95,95,85
270,Phanpy,Ground,Not Available,330,90,60,60,40,40,40
271,Donphan,Ground,Not Available,500,90,120,120,60,60,50
272,Porygon2,Normal,Not Available,515,85,80,90,105,95,60
273,Stantler,Normal,Not Available,465,73,95,62,85,65,85
274,Smeargle,Normal,Not Available,250,55,20,35,20,45,75
275,Tyrogue,Fighting,Not Available,210,35,35,35,35,35,35
276,Hitmontop,Fighting,Not Available,455,50,95,95,35,110,70
277,Smoochum,Psychic,Ice,305,45,30,15,85,65,65
278,Elekid,Electric,Not Available,360,45,63,37,65,55,95
279,Magby,Fire,Not Available,365,45,75,37,70,55,83
280,Miltank,Normal,Not Available,490,95,80,105,40,70,100
281,Blissey,Normal,Not Available,540,255,10,10,75,135,55
282,Raikou,Electric,Not Available,580,90,85,75,115,100,115
283,Entei,Fire,Not Available,580,115,115,85,90,75,100
284,Suicune,Water,Not Available,580,100,75,115,90,115,85
285,Larvitar,Ground,Rock,300,50,64,50,45,50,41
286,Pupitar,Ground,Rock,410,70,84,70,65,70,51
287,Tyranitar,Dark,Rock,600,100,134,110,95,100,61
288,Tyranitar,Dark,Rock,700,100,164,150,95,120,71
289,Lugia,Flying,Psychic,680,106,90,130,90,154,110
290,Ho-oh,Flying,Fire,680,106,130,90,110,154,90
291,Celebi,Grass,Psychic,600,100,100,100,100,100,100
292,Treecko,Grass,Not Available,310,40,45,35,65,55,70
293,Grovyle,Grass,Not Available,405,50,65,45,85,65,95
294,Sceptile,Grass,Not Available,530,70,85,65,105,85,120
295,Sceptile,Dragon,Grass,630,70,110,75,145,85,145
296,Torchic,Fire,Not Available,310,45,60,40,70,50,45
297,Combusken,Fighting,Fire,405,60,85,60,85,60,55
298,Blaziken,Fighting,Fire,530,80,120,70,110,70,80
299,Blaziken,Fighting,Fire,630,80,160,80,130,80,100
300,Mudkip,Water,Not Available,310,50,70,50,50,50,40
301,Marshtomp,Ground,Water,405,70,85,70,60,70,50
302,Swampert,Ground,Water,535,100,110,90,85,90,60
303,Swampert,Ground,Water,635,100,150,110,95,110,70
304,Poochyena,Dark,Not Available,220,35,55,35,30,30,35
305,Mightyena,Dark,Not Available,420,70,90,70,60,60,70
306,Zigzagoon,Normal,Not Available,240,38,30,41,30,41,60
307,Linoone,Normal,Not Available,420,78,70,61,50,61,100
308,Wurmple,Bug,Not Available,195,45,45,35,20,30,20
309,Silcoon,Bug,Not Available,205,50,35,55,25,25,15
310,Beautifly,Flying,Bug,395,60,70,50,100,50,65
311,Cascoon,Bug,Not Available,205,50,35,55,25,25,15
312,Dustox,Poison,Bug,385,60,50,70,50,90,65
313,Lotad,Grass,Water,220,40,30,30,40,50,30
314,Lombre,Grass,Water,340,60,50,50,60,70,50
315,Ludicolo,Grass,Water,480,80,70,70,90,100,70
316,Seedot,Grass,Not Available,220,40,40,50,30,30,30
317,Nuzleaf,Dark,Grass,340,70,70,40,60,40,60
318,Shiftry,Dark,Grass,480,90,100,60,90,60,80
319,Taillow,Flying,Normal,270,40,55,30,30,30,85
320,Swellow,Flying,Normal,455,60,85,60,75,50,125
321,Wingull,Flying,Water,270,40,30,30,55,30,85
322,Pelipper,Flying,Water,440,60,50,100,95,70,65
323,Ralts,Fairy,Psychic,198,28,25,25,45,35,40
324,Kirlia,Fairy,Psychic,278,38,35,35,65,55,50
325,Gardevoir,Fairy,Psychic,518,68,65,65,125,115,80
326,Gardevoir,Fairy,Psychic,618,68,85,65,165,135,100
327,Surskit,Water,Bug,269,40,30,32,50,52,65
328,Masquerain,Flying,Bug,454,70,60,62,100,82,80
329,Shroomish,Grass,Not Available,295,60,40,60,40,60,35
330,Breloom,Fighting,Grass,460,60,130,80,60,60,70
331,Slakoth,Normal,Not Available,280,60,60,60,35,35,30
332,Vigoroth,Normal,Not Available,440,80,80,80,55,55,90
333,Slaking,Normal,Not Available,670,150,160,100,95,65,100
334,Nincada,Ground,Bug,266,31,45,90,30,30,40
335,Ninjask,Flying,Bug,456,61,90,45,50,50,160
336,Shedinja,Ghost,Bug,236,1,90,45,30,30,40
337,Whismur,Normal,Not Available,240,64,51,23,51,23,28
338,Loudred,Normal,Not Available,360,84,71,43,71,43,48
339,Exploud,Normal,Not Available,490,104,91,63,91,73,68
340,Makuhita,Fighting,Not Available,237,72,60,30,20,30,25
341,Hariyama,Fighting,Not Available,474,144,120,60,40,60,50
342,Azurill,Fairy,Normal,190,50,20,40,20,40,20
343,Nosepass,Rock,Not Available,375,30,45,135,45,90,30
344,Skitty,Normal,Not Available,260,50,45,45,35,35,50
345,Delcatty,Normal,Not Available,400,70,65,65,55,55,90
346,Sableye,Ghost,Dark,380,50,75,75,65,65,50
347,Sableye,Ghost,Dark,480,50,85,125,85,115,20
348,Mawile,Fairy,Steel,380,50,85,85,55,55,50
349,Mawile,Fairy,Steel,480,50,105,125,55,95,50
350,Aron,Rock,Steel,330,50,70,100,40,40,30
351,Lairon,Rock,Steel,430,60,90,140,50,50,40
352,Aggron,Rock,Steel,530,70,110,180,60,60,50
353,Aggron,Steel,Not Available,630,70,140,230,60,80,50
354,Meditite,Psychic,Fighting,280,30,40,55,40,55,60
355,Medicham,Psychic,Fighting,410,60,60,75,60,75,80
356,Medicham,Psychic,Fighting,510,60,100,85,80,85,100
357,Electrike,Electric,Not Available,295,40,45,40,65,40,65
358,Manectric,Electric,Not Available,475,70,75,60,105,60,105
359,Manectric,Electric,Not Available,575,70,75,80,135,80,135
360,Plusle,Electric,Not Available,405,60,50,40,85,75,95
361,Minun,Electric,Not Available,405,60,40,50,75,85,95
362,Volbeat,Bug,Not Available,430,65,73,75,47,85,85
363,Illumise,Bug,Not Available,430,65,47,75,73,85,85
364,Roselia,Poison,Grass,400,50,60,45,100,80,65
365,Gulpin,Poison,Not Available,302,70,43,53,43,53,40
366,Swalot,Poison,Not Available,467,100,73,83,73,83,55
367,Carvanha,Dark,Water,305,45,90,20,65,20,65
368,Sharpedo,Dark,Water,460,70,120,40,95,40,95
369,Sharpedo,Dark,Water,560,70,140,70,110,65,105
370,Wailmer,Water,Not Available,400,130,70,35,70,35,60
371,Wailord,Water,Not Available,500,170,90,45,90,45,60
372,Numel,Ground,Fire,305,60,60,40,65,45,35
373,Camerupt,Ground,Fire,460,70,100,70,105,75,40
374,Camerupt,Ground,Fire,560,70,120,100,145,105,20
375,Torkoal,Fire,Not Available,470,70,85,140,85,70,20
376,Spoink,Psychic,Not Available,330,60,25,35,70,80,60
377,Grumpig,Psychic,Not Available,470,80,45,65,90,110,80
378,Spinda,Normal,Not Available,360,60,60,60,60,60,60
379,Trapinch,Ground,Not Available,290,45,100,45,45,45,10
380,Vibrava,Dragon,Ground,340,50,70,50,50,50,70
381,Flygon,Dragon,Ground,520,80,100,80,80,80,100
382,Cacnea,Grass,Not Available,335,50,85,40,85,40,35
383,Cacturne,Dark,Grass,475,70,115,60,115,60,55
384,Swablu,Flying,Normal,310,45,40,60,40,75,50
385,Altaria,Flying,Dragon,490,75,70,90,70,105,80
386,Altaria,Fairy,Dragon,590,75,110,110,110,105,80
387,Zangoose,Normal,Not Available,458,73,115,60,60,60,90
388,Seviper,Poison,Not Available,458,73,100,60,100,60,65
389,Lunatone,Psychic,Rock,460,90,55,65,95,85,70
390,Solrock,Psychic,Rock,460,90,95,85,55,65,70
391,Barboach,Ground,Water,288,50,48,43,46,41,60
392,Whiscash,Ground,Water,468,110,78,73,76,71,60
393,Corphish,Water,Not Available,308,43,80,65,50,35,35
394,Crawdaunt,Dark,Water,468,63,120,85,90,55,55
395,Baltoy,Psychic,Ground,300,40,40,55,40,70,55
396,Claydol,Psychic,Ground,500,60,70,105,70,120,75
397,Lileep,Grass,Rock,355,66,41,77,61,87,23
398,Cradily,Grass,Rock,495,86,81,97,81,107,43
399,Anorith,Bug,Rock,355,45,95,50,40,50,75
400,Armaldo,Bug,Rock,495,75,125,100,70,80,45
401,Feebas,Water,Not Available,200,20,15,20,10,55,80
402,Milotic,Water,Not Available,540,95,60,79,100,125,81
403,Castform,Normal,Not Available,420,70,70,70,70,70,70
404,Castform,Fire,Not Available,420,70,70,70,70,70,70
405,Castform,Water,Not Available,420,70,70,70,70,70,70
406,Castform,Ice,Not Available,420,70,70,70,70,70,70
407,Kecleon,Normal,Not Available,440,60,90,70,60,120,40
408,Shuppet,Ghost,Not Available,295,44,75,35,63,33,45
409,Banette,Ghost,Not Available,455,64,115,65,83,63,65
410,Banette,Ghost,Not Available,555,64,165,75,93,83,75
411,Duskull,Ghost,Not Available,295,20,40,90,30,90,25
412,Dusclops,Ghost,Not Available,455,40,70,130,60,130,25
413,Tropius,Flying,Grass,460,99,68,83,72,87,51
414,Chimecho,Psychic,Not Available,455,75,50,80,95,90,65
415,Absol,Dark,Not Available,465,65,130,60,75,60,75
416,Absol,Dark,Not Available,565,65,150,60,115,60,115
417,Wynaut,Psychic,Not Available,260,95,23,48,23,48,23
418,Snorunt,Ice,Not Available,300,50,50,50,50,50,50
419,Glalie,Ice,Not Available,480,80,80,80,80,80,80
420,Glalie,Ice,Not Available,580,80,120,80,120,80,100
421,Spheal,Water,Ice,290,70,40,50,55,50,25
422,Sealeo,Water,Ice,410,90,60,70,75,70,45
423,Walrein,Water,Ice,530,110,80,90,95,90,65
424,Clamperl,Water,Not Available,345,35,64,85,74,55,32
425,Huntail,Water,Not Available,485,55,104,105,94,75,52
426,Gorebyss,Water,Not Available,485,55,84,105,114,75,52
427,Relicanth,Rock,Water,485,100,90,130,45,65,55
428,Luvdisc,Water,Not Available,330,43,30,55,40,65,97
429,Bagon,Dragon,Not Available,300,45,75,60,40,30,50
430,Shelgon,Dragon,Not Available,420,65,95,100,60,50,50
431,Salamence,Flying,Dragon,600,95,135,80,110,80,100
432,Salamence,Flying,Dragon,700,95,145,130,120,90,120
433,Beldum,Psychic,Steel,300,40,55,80,35,60,30
434,Metang,Psychic,Steel,420,60,75,100,55,80,50
435,Metagross,Psychic,Steel,600,80,135,130,95,90,70
436,Metagross,Psychic,Steel,700,80,145,150,105,110,110
437,Regirock,Rock,Not Available,580,80,100,200,50,100,50
438,Regice,Ice,Not Available,580,80,50,100,100,200,50
439,Registeel,Steel,Not Available,580,80,75,150,75,150,50
440,Latias,Psychic,Dragon,600,80,80,90,110,130,110
441,Latias,Psychic,Dragon,700,80,100,120,140,150,110
442,Latios,Psychic,Dragon,600,80,90,80,130,110,110
443,Latios,Psychic,Dragon,700,80,130,100,160,120,110
444,Kyogre,Water,Not Available,670,100,100,90,150,140,90
445,Kyogre,Water,Not Available,770,100,150,90,180,160,90
446,Groudon,Ground,Not Available,670,100,150,140,100,90,90
447,Groudon,Fire,Ground,770,100,180,160,150,90,90
448,Rayquaza,Flying,Dragon,680,105,150,90,150,90,95
449,Rayquaza,Flying,Dragon,780,105,180,100,180,100,115
450,Jirachi,Psychic,Steel,600,100,100,100,100,100,100
451,Deoxys,Psychic,Not Available,600,50,150,50,150,50,150
452,Deoxys,Psychic,Not Available,600,50,180,20,180,20,150
453,Deoxys,Psychic,Not Available,600,50,70,160,70,160,90
454,Deoxys,Psychic,Not Available,600,50,95,90,95,90,180
455,Turtwig,Grass,Not Available,318,55,68,64,45,55,31
456,Grotle,Grass,Not Available,405,75,89,85,55,65,36
457,Torterra,Ground,Grass,525,95,109,105,75,85,56
458,Chimchar,Fire,Not Available,309,44,58,44,58,44,61
459,Monferno,Fighting,Fire,405,64,78,52,78,52,81
460,Infernape,Fighting,Fire,534,76,104,71,104,71,108
461,Piplup,Water,Not Available,314,53,51,53,61,56,40
462,Prinplup,Water,Not Available,405,64,66,68,81,76,50
463,Empoleon,Steel,Water,530,84,86,88,111,101,60
464,Starly,Flying,Normal,245,40,55,30,30,30,60
465,Staravia,Flying,Normal,340,55,75,50,40,40,80
466,Staraptor,Flying,Normal,485,85,120,70,50,60,100
467,Bidoof,Normal,Not Available,250,59,45,40,35,40,31
468,Bibarel,Water,Normal,410,79,85,60,55,60,71
469,Kricketot,Bug,Not Available,194,37,25,41,25,41,25
470,Kricketune,Bug,Not Available,384,77,85,51,55,51,65
471,Shinx,Electric,Not Available,263,45,65,34,40,34,45
472,Luxio,Electric,Not Available,363,60,85,49,60,49,60
473,Luxray,Electric,Not Available,523,80,120,79,95,79,70
474,Budew,Poison,Grass,280,40,30,35,50,70,55
475,Roserade,Poison,Grass,515,60,70,65,125,105,90
476,Cranidos,Rock,Not Available,350,67,125,40,30,30,58
477,Rampardos,Rock,Not Available,495,97,165,60,65,50,58
478,Shieldon,Steel,Rock,350,30,42,118,42,88,30
479,Bastiodon,Steel,Rock,495,60,52,168,47,138,30
480,Burmy,Bug,Not Available,224,40,29,45,29,45,36
481,Wormadam,Grass,Bug,424,60,59,85,79,105,36
482,Wormadam,Ground,Bug,424,60,79,105,59,85,36
483,Wormadam,Steel,Bug,424,60,69,95,69,95,36
484,Mothim,Flying,Bug,424,70,94,50,94,50,66
485,Combee,Flying,Bug,244,30,30,42,30,42,70
486,Vespiquen,Flying,Bug,474,70,80,102,80,102,40
487,Pachirisu,Electric,Not Available,405,60,45,70,45,90,95
488,Buizel,Water,Not Available,330,55,65,35,60,30,85
489,Floatzel,Water,Not Available,495,85,105,55,85,50,115
490,Cherubi,Grass,Not Available,275,45,35,45,62,53,35
491,Cherrim,Grass,Not Available,450,70,60,70,87,78,85
492,Shellos,Water,Not Available,325,76,48,48,57,62,34
493,Gastrodon,Ground,Water,475,111,83,68,92,82,39
494,Ambipom,Normal,Not Available,482,75,100,66,60,66,115
495,Drifloon,Flying,Ghost,348,90,50,34,60,44,70
496,Drifblim,Flying,Ghost,498,150,80,44,90,54,80
497,Buneary,Normal,Not Available,350,55,66,44,44,56,85
498,Lopunny,Normal,Not Available,480,65,76,84,54,96,105
499,Lopunny,Fighting,Normal,580,65,136,94,54,96,135
500,Mismagius,Ghost,Not Available,495,60,60,60,105,105,105
501,Honchkrow,Flying,Dark,505,100,125,52,105,52,71
502,Glameow,Normal,Not Available,310,49,55,42,42,37,85
503,Purugly,Normal,Not Available,452,71,82,64,64,59,112
504,Chingling,Psychic,Not Available,285,45,30,50,65,50,45
505,Stunky,Dark,Poison,329,63,63,47,41,41,74
506,Skuntank,Dark,Poison,479,103,93,67,71,61,84
507,Bronzor,Psychic,Steel,300,57,24,86,24,86,23
508,Bronzong,Psychic,Steel,500,67,89,116,79,116,33
509,Bonsly,Rock,Not Available,290,50,80,95,10,45,10
510,Mime ,Fairy,Psychic,310,20,25,45,70,90,60
511,Happiny,Normal,Not Available,220,100,5,5,15,65,30
512,Chatot,Flying,Normal,411,76,65,45,92,42,91
513,Spiritomb,Dark,Ghost,485,50,92,108,92,108,35
514,Gible,Ground,Dragon,300,58,70,45,40,45,42
515,Gabite,Ground,Dragon,410,68,90,65,50,55,82
516,Garchomp,Ground,Dragon,600,108,130,95,80,85,102
517,Garchomp,Ground,Dragon,700,108,170,115,120,95,92
518,Munchlax,Normal,Not Available,390,135,85,40,40,85,5
519,Riolu,Fighting,Not Available,285,40,70,40,35,40,60
520,Lucario,Steel,Fighting,525,70,110,70,115,70,90
521,Lucario,Steel,Fighting,625,70,145,88,140,70,112
522,Hippopotas,Ground,Not Available,330,68,72,78,38,42,32
523,Hippowdon,Ground,Not Available,525,108,112,118,68,72,47
524,Skorupi,Bug,Poison,330,40,50,90,30,55,65
525,Drapion,Dark,Poison,500,70,90,110,60,75,95
526,Croagunk,Fighting,Poison,300,48,61,40,61,40,50
527,Toxicroak,Fighting,Poison,490,83,106,65,86,65,85
528,Carnivine,Grass,Not Available,454,74,100,72,90,72,46
529,Finneon,Water,Not Available,330,49,49,56,49,61,66
530,Lumineon,Water,Not Available,460,69,69,76,69,86,91
531,Mantyke,Flying,Water,345,45,20,50,60,120,50
532,Snover,Ice,Grass,334,60,62,50,62,60,40
533,Abomasnow,Ice,Grass,494,90,92,75,92,85,60
534,Abomasnow,Ice,Grass,594,90,132,105,132,105,30
535,Weavile,Ice,Dark,510,70,120,65,45,85,125
536,Magnezone,Steel,Electric,535,70,70,115,130,90,60
537,Lickilicky,Normal,Not Available,515,110,85,95,80,95,50
538,Rhyperior,Rock,Ground,535,115,140,130,55,55,40
539,Tangrowth,Grass,Not Available,535,100,100,125,110,50,50
540,Electivire,Electric,Not Available,540,75,123,67,95,85,95
541,Magmortar,Fire,Not Available,540,75,95,67,125,95,83
542,Togekiss,Flying,Fairy,545,85,50,95,120,115,80
543,Yanmega,Flying,Bug,515,86,76,86,116,56,95
544,Leafeon,Grass,Not Available,525,65,110,130,60,65,95
545,Glaceon,Ice,Not Available,525,65,60,110,130,95,65
546,Gliscor,Flying,Ground,510,75,95,125,45,75,95
547,Mamoswine,Ground,Ice,530,110,130,80,70,60,80
548,Porygon-,Normal,Not Available,535,85,80,70,135,75,90
549,Gallade,Fighting,Psychic,518,68,125,65,65,115,80
550,Gallade,Fighting,Psychic,618,68,165,95,65,115,110
551,Probopass,Steel,Rock,525,60,55,145,75,150,40
552,Dusknoir,Ghost,Not Available,525,45,100,135,65,135,45
553,Froslass,Ghost,Ice,480,70,80,70,80,70,110
554,Rotom,Ghost,Electric,440,50,50,77,95,77,91
555,Rotom,Fire,Electric,520,50,65,107,105,107,86
556,Rotom,Water,Electric,520,50,65,107,105,107,86
557,Rotom,Ice,Electric,520,50,65,107,105,107,86
558,Rotom,Flying,Electric,520,50,65,107,105,107,86
559,Rotom,Grass,Electric,520,50,65,107,105,107,86
560,Uxie,Psychic,Not Available,580,75,75,130,75,130,95
561,Mesprit,Psychic,Not Available,580,80,105,105,105,105,80
562,Azelf,Psychic,Not Available,580,75,125,70,125,70,115
563,Dialga,Dragon,Steel,680,100,120,120,150,100,90
564,Palkia,Dragon,Water,680,90,120,100,150,120,100
565,Heatran,Steel,Fire,600,91,90,106,130,106,77
566,Regigigas,Normal,Not Available,670,110,160,110,80,110,100
567,Giratina,Dragon,Ghost,680,150,100,120,100,120,90
568,Giratina,Dragon,Ghost,680,150,120,100,120,100,90
569,Cresselia,Psychic,Not Available,600,120,70,120,75,130,85
570,Phione,Water,Not Available,480,80,80,80,80,80,80
571,Manaphy,Water,Not Available,600,100,100,100,100,100,100
572,Darkrai,Dark,Not Available,600,70,90,90,135,90,125
573,Shaymin,Grass,Not Available,600,100,100,100,100,100,100
574,Shaymin,Flying,Grass,600,100,103,75,120,75,127
575,Arceus,Normal,Not Available,720,120,120,120,120,120,120
576,Victini,Fire,Psychic,600,100,100,100,100,100,100
577,Snivy,Grass,Not Available,308,45,45,55,45,55,63
578,Servine,Grass,Not Available,413,60,60,75,60,75,83
579,Serperior,Grass,Not Available,528,75,75,95,75,95,113
580,Tepig,Fire,Not Available,308,65,63,45,45,45,45
581,Pignite,Fighting,Fire,418,90,93,55,70,55,55
582,Emboar,Fighting,Fire,528,110,123,65,100,65,65
583,Oshawott,Water,Not Available,308,55,55,45,63,45,45
584,Dewott,Water,Not Available,413,75,75,60,83,60,60
585,Samurott,Water,Not Available,528,95,100,85,108,70,70
586,Patrat,Normal,Not Available,255,45,55,39,35,39,42
587,Watchog,Normal,Not Available,420,60,85,69,60,69,77
588,Lillipup,Normal,Not Available,275,45,60,45,25,45,55
589,Herdier,Normal,Not Available,370,65,80,65,35,65,60
590,Stoutland,Normal,Not Available,500,85,110,90,45,90,80
591,Purrloin,Dark,Not Available,281,41,50,37,50,37,66
592,Liepard,Dark,Not Available,446,64,88,50,88,50,106
593,Pansage,Grass,Not Available,316,50,53,48,53,48,64
594,Simisage,Grass,Not Available,498,75,98,63,98,63,101
595,Pansear,Fire,Not Available,316,50,53,48,53,48,64
596,Simisear,Fire,Not Available,498,75,98,63,98,63,101
597,Panpour,Water,Not Available,316,50,53,48,53,48,64
598,Simipour,Water,Not Available,498,75,98,63,98,63,101
599,Munna,Psychic,Not Available,292,76,25,45,67,55,24
600,Musharna,Psychic,Not Available,487,116,55,85,107,95,29
601,Pidove,Flying,Normal,264,50,55,50,36,30,43
602,Tranquill,Flying,Normal,358,62,77,62,50,42,65
603,Unfezant,Flying,Normal,488,80,115,80,65,55,93
604,Blitzle,Electric,Not Available,295,45,60,32,50,32,76
605,Zebstrika,Electric,Not Available,497,75,100,63,80,63,116
606,Roggenrola,Rock,Not Available,280,55,75,85,25,25,15
607,Boldore,Rock,Not Available,390,70,105,105,50,40,20
608,Gigalith,Rock,Not Available,515,85,135,130,60,80,25
609,Woobat,Flying,Psychic,323,65,45,43,55,43,72
610,Swoobat,Flying,Psychic,425,67,57,55,77,55,114
611,Drilbur,Ground,Not Available,328,60,85,40,30,45,68
612,Excadrill,Steel,Ground,508,110,135,60,50,65,88
613,Audino,Normal,Not Available,445,103,60,86,60,86,50
614,Audino,Fairy,Normal,545,103,60,126,80,126,50
615,Timburr,Fighting,Not Available,305,75,80,55,25,35,35
616,Gurdurr,Fighting,Not Available,405,85,105,85,40,50,40
617,Conkeldurr,Fighting,Not Available,505,105,140,95,55,65,45
618,Tympole,Water,Not Available,294,50,50,40,50,40,64
619,Palpitoad,Ground,Water,384,75,65,55,65,55,69
620,Seismitoad,Ground,Water,509,105,95,75,85,75,74
621,Throh,Fighting,Not Available,465,120,100,85,30,85,45
622,Sawk,Fighting,Not Available,465,75,125,75,30,75,85
623,Sewaddle,Grass,Bug,310,45,53,70,40,60,42
624,Swadloon,Grass,Bug,380,55,63,90,50,80,42
625,Leavanny,Grass,Bug,500,75,103,80,70,80,92
626,Venipede,Poison,Bug,260,30,45,59,30,39,57
627,Whirlipede,Poison,Bug,360,40,55,99,40,79,47
628,Scolipede,Poison,Bug,485,60,100,89,55,69,112
629,Cottonee,Fairy,Grass,280,40,27,60,37,50,66
630,Whimsicott,Fairy,Grass,480,60,67,85,77,75,116
631,Petilil,Grass,Not Available,280,45,35,50,70,50,30
632,Lilligant,Grass,Not Available,480,70,60,75,110,75,90
633,Basculin,Water,Not Available,460,70,92,65,80,55,98
634,Basculin,Water,Not Available,460,70,92,65,80,55,98
635,Sandile,Dark,Ground,292,50,72,35,35,35,65
636,Krokorok,Dark,Ground,351,60,82,45,45,45,74
637,Krookodile,Dark,Ground,519,95,117,80,65,70,92
638,Darumaka,Fire,Not Available,315,70,90,45,15,45,50
639,Darmanitan,Fire,Not Available,480,105,140,55,30,55,95
640,Darmanitan,Psychic,Fire,540,105,30,105,140,105,55
641,Maractus,Grass,Not Available,461,75,86,67,106,67,60
642,Dwebble,Rock,Bug,325,50,65,85,35,35,55
643,Crustle,Rock,Bug,485,70,105,125,65,75,45
644,Scraggy,Fighting,Dark,348,50,75,70,35,70,48
645,Scrafty,Fighting,Dark,488,65,90,115,45,115,58
646,Sigilyph,Flying,Psychic,490,72,58,80,103,80,97
647,Yamask,Ghost,Not Available,303,38,30,85,55,65,30
648,Cofagrigus,Ghost,Not Available,483,58,50,145,95,105,30
649,Tirtouga,Rock,Water,355,54,78,103,53,45,22
650,Carracosta,Rock,Water,495,74,108,133,83,65,32
651,Archen,Flying,Rock,401,55,112,45,74,45,70
652,Archeops,Flying,Rock,567,75,140,65,112,65,110
653,Trubbish,Poison,Not Available,329,50,50,62,40,62,65
654,Garbodor,Poison,Not Available,474,80,95,82,60,82,75
655,Zorua,Dark,Not Available,330,40,65,40,80,40,65
656,Zoroark,Dark,Not Available,510,60,105,60,120,60,105
657,Minccino,Normal,Not Available,300,55,50,40,40,40,75
658,Cinccino,Normal,Not Available,470,75,95,60,65,60,115
659,Gothita,Psychic,Not Available,290,45,30,50,55,65,45
660,Gothorita,Psychic,Not Available,390,60,45,70,75,85,55
661,Gothitelle,Psychic,Not Available,490,70,55,95,95,110,65
662,Solosis,Psychic,Not Available,290,45,30,40,105,50,20
663,Duosion,Psychic,Not Available,370,65,40,50,125,60,30
664,Reuniclus,Psychic,Not Available,490,110,65,75,125,85,30
665,Ducklett,Flying,Water,305,62,44,50,44,50,55
666,Swanna,Flying,Water,473,75,87,63,87,63,98
667,Vanillite,Ice,Not Available,305,36,50,50,65,60,44
668,Vanillish,Ice,Not Available,395,51,65,65,80,75,59
669,Vanilluxe,Ice,Not Available,535,71,95,85,110,95,79
670,Deerling,Grass,Normal,335,60,60,50,40,50,75
671,Sawsbuck,Grass,Normal,475,80,100,70,60,70,95
672,Emolga,Flying,Electric,428,55,75,60,75,60,103
673,Karrablast,Bug,Not Available,315,50,75,45,40,45,60
674,Escavalier,Steel,Bug,495,70,135,105,60,105,20
675,Foongus,Poison,Grass,294,69,55,45,55,55,15
676,Amoonguss,Poison,Grass,464,114,85,70,85,80,30
677,Frillish,Ghost,Water,335,55,40,50,65,85,40
678,Jellicent,Ghost,Water,480,100,60,70,85,105,60
679,Alomomola,Water,Not Available,470,165,75,80,40,45,65
680,Joltik,Electric,Bug,319,50,47,50,57,50,65
681,Galvantula,Electric,Bug,472,70,77,60,97,60,108
682,Ferroseed,Steel,Grass,305,44,50,91,24,86,10
683,Ferrothorn,Steel,Grass,489,74,94,131,54,116,20
684,Klink,Steel,Not Available,300,40,55,70,45,60,30
685,Klang,Steel,Not Available,440,60,80,95,70,85,50
686,Klinklang,Steel,Not Available,520,60,100,115,70,85,90
687,Tynamo,Electric,Not Available,275,35,55,40,45,40,60
688,Eelektrik,Electric,Not Available,405,65,85,70,75,70,40
689,Eelektross,Electric,Not Available,515,85,115,80,105,80,50
690,Elgyem,Psychic,Not Available,335,55,55,55,85,55,30
691,Beheeyem,Psychic,Not Available,485,75,75,75,125,95,40
692,Litwick,Fire,Ghost,275,50,30,55,65,55,20
693,Lampent,Fire,Ghost,370,60,40,60,95,60,55
694,Chandelure,Fire,Ghost,520,60,55,90,145,90,80
695,Axew,Dragon,Not Available,320,46,87,60,30,40,57
696,Fraxure,Dragon,Not Available,410,66,117,70,40,50,67
697,Haxorus,Dragon,Not Available,540,76,147,90,60,70,97
698,Cubchoo,Ice,Not Available,305,55,70,40,60,40,40
699,Beartic,Ice,Not Available,505,95,130,80,70,80,50
700,Cryogonal,Ice,Not Available,515,80,50,50,95,135,105
701,Shelmet,Bug,Not Available,305,50,40,85,40,65,25
702,Accelgor,Bug,Not Available,495,80,70,40,100,60,145
703,Stunfisk,Electric,Ground,471,109,66,84,81,99,32
704,Mienfoo,Fighting,Not Available,350,45,85,50,55,50,65
705,Mienshao,Fighting,Not Available,510,65,125,60,95,60,105
706,Druddigon,Dragon,Not Available,485,77,120,90,60,90,48
707,Golett,Ghost,Ground,303,59,74,50,35,50,35
708,Golurk,Ghost,Ground,483,89,124,80,55,80,55
709,Pawniard,Steel,Dark,340,45,85,70,40,40,60
710,Bisharp,Steel,Dark,490,65,125,100,60,70,70
711,Bouffalant,Normal,Not Available,490,95,110,95,40,95,55
712,Rufflet,Flying,Normal,350,70,83,50,37,50,60
713,Braviary,Flying,Normal,510,100,123,75,57,75,80
714,Vullaby,Flying,Dark,370,70,55,75,45,65,60
715,Mandibuzz,Flying,Dark,510,110,65,105,55,95,80
716,Heatmor,Fire,Not Available,484,85,97,66,105,66,65
717,Durant,Steel,Bug,484,58,109,112,48,48,109
718,Deino,Dragon,Dark,300,52,65,50,45,50,38
719,Zweilous,Dragon,Dark,420,72,85,70,65,70,58
720,Hydreigon,Dragon,Dark,600,92,105,90,125,90,98
721,Larvesta,Fire,Bug,360,55,85,55,50,55,60
722,Volcarona,Fire,Bug,550,85,60,65,135,105,100
723,Cobalion,Fighting,Steel,580,91,90,129,90,72,108
724,Terrakion,Fighting,Rock,580,91,129,90,72,90,108
725,Virizion,Fighting,Grass,580,91,90,72,90,129,108
726,Tornadus,Flying,Not Available,580,79,115,70,125,80,111
727,Tornadus,Flying,Not Available,580,79,100,80,110,90,121
728,Thundurus,Flying,Electric,580,79,115,70,125,80,111
729,Thundurus,Flying,Electric,580,79,105,70,145,80,101
730,Reshiram,Fire,Dragon,680,100,120,100,150,120,90
731,Zekrom,Electric,Dragon,680,100,150,120,120,100,90
732,Landorus,Flying,Ground,600,89,125,90,115,80,101
733,Landorus,Flying,Ground,600,89,145,90,105,80,91
734,Kyurem,Ice,Dragon,660,125,130,90,130,90,95
735,Kyurem,Ice,Dragon,700,125,170,100,120,90,95
736,Kyurem,Ice,Dragon,700,125,120,90,170,100,95
737,Keldeo,Fighting,Water,580,91,72,90,129,90,108
738,Keldeo,Fighting,Water,580,91,72,90,129,90,108
739,Meloetta,Psychic,Normal,600,100,77,77,128,128,90
740,Meloetta,Fighting,Normal,600,100,128,90,77,77,128
741,Genesect,Steel,Bug,600,71,120,95,120,95,99
742,Chespin,Grass,Not Available,313,56,61,65,48,45,38
743,Quilladin,Grass,Not Available,405,61,78,95,56,58,57
744,Chesnaught,Fighting,Grass,530,88,107,122,74,75,64
745,Fennekin,Fire,Not Available,307,40,45,40,62,60,60
746,Braixen,Fire,Not Available,409,59,59,58,90,70,73
747,Delphox,Psychic,Fire,534,75,69,72,114,100,104
748,Froakie,Water,Not Available,314,41,56,40,62,44,71
749,Frogadier,Water,Not Available,405,54,63,52,83,56,97
750,Greninja,Dark,Water,530,72,95,67,103,71,122
751,Greninja,Dark,Water,640,72,145,67,153,71,132
752,Bunnelby,Normal,Not Available,237,38,36,38,32,36,57
753,Diggersby,Ground,Normal,423,85,56,77,50,77,78
754,Fletchling,Flying,Normal,278,45,50,43,40,38,62
755,Fletchinder,Flying,Fire,382,62,73,55,56,52,84
756,Talonflame,Flying,Fire,499,78,81,71,74,69,126
757,Scatterbug,Bug,Not Available,200,38,35,40,27,25,35
758,Spewpa,Bug,Not Available,213,45,22,60,27,30,29
759,Vivillon,Flying,Bug,411,80,52,50,90,50,89
760,Litleo,Normal,Fire,369,62,50,58,73,54,72
761,Pyroar,Normal,Fire,507,86,68,72,109,66,106
762,Flab\u00e9b\u00e9,Fairy,Not Available,303,44,38,39,61,79,42
763,Floette,Fairy,Not Available,371,54,45,47,75,98,52
764,Florges,Fairy,Not Available,552,78,65,68,112,154,75
765,Skiddo,Grass,Not Available,350,66,65,48,62,57,52
766,Gogoat,Grass,Not Available,531,123,100,62,97,81,68
767,Pancham,Fighting,Not Available,348,67,82,62,46,48,43
768,Pangoro,Dark,Fighting,495,95,124,78,69,71,58
769,Furfrou,Normal,Not Available,472,75,80,60,65,90,102
770,Espurr,Psychic,Not Available,355,62,48,54,63,60,68
771,Meowstic,Psychic,Not Available,466,74,48,76,83,81,104
772,Meowstic,Psychic,Not Available,466,74,48,76,83,81,104
773,Honedge,Ghost,Steel,325,45,80,100,35,37,28
774,Doublade,Ghost,Steel,448,59,110,150,45,49,35
775,Aegislash,Ghost,Steel,520,60,150,50,150,50,60
776,Aegislash,Ghost,Steel,520,60,50,150,50,150,60
777,Spritzee,Fairy,Not Available,341,78,52,60,63,65,23
778,Aromatisse,Fairy,Not Available,462,101,72,72,99,89,29
779,Swirlix,Fairy,Not Available,341,62,48,66,59,57,49
780,Slurpuff,Fairy,Not Available,480,82,80,86,85,75,72
781,Inkay,Psychic,Dark,288,53,54,53,37,46,45
782,Malamar,Psychic,Dark,482,86,92,88,68,75,73
783,Binacle,Water,Rock,306,42,52,67,39,56,50
784,Barbaracle,Water,Rock,500,72,105,115,54,86,68
785,Skrelp,Water,Poison,320,50,60,60,60,60,30
786,Dragalge,Dragon,Poison,494,65,75,90,97,123,44
787,Clauncher,Water,Not Available,330,50,53,62,58,63,44
788,Clawitzer,Water,Not Available,500,71,73,88,120,89,59
789,Helioptile,Normal,Electric,289,44,38,33,61,43,70
790,Heliolisk,Normal,Electric,481,62,55,52,109,94,109
791,Tyrunt,Dragon,Rock,362,58,89,77,45,45,48
792,Tyrantrum,Dragon,Rock,521,82,121,119,69,59,71
793,Amaura,Ice,Rock,362,77,59,50,67,63,46
794,Aurorus,Ice,Rock,521,123,77,72,99,92,58
795,Sylveon,Fairy,Not Available,525,95,65,65,110,130,60
796,Hawlucha,Flying,Fighting,500,78,92,75,74,63,118
797,Dedenne,Fairy,Electric,431,67,58,57,81,67,101
798,Carbink,Fairy,Rock,500,50,50,150,50,150,50
799,Goomy,Dragon,Not Available,300,45,50,35,55,75,40
800,Sliggoo,Dragon,Not Available,452,68,75,53,83,113,60
801,Goodra,Dragon,Not Available,600,90,100,70,110,150,80
802,Klefki,Fairy,Steel,470,57,80,91,80,87,75
803,Phantump,Grass,Ghost,309,43,70,48,50,60,38
804,Trevenant,Grass,Ghost,474,85,110,76,65,82,56
805,Pumpkaboo,Grass,Ghost,335,49,66,70,44,55,51
806,Pumpkaboo,Grass,Ghost,335,44,66,70,44,55,56
807,Pumpkaboo,Grass,Ghost,335,54,66,70,44,55,46
808,Pumpkaboo,Grass,Ghost,335,59,66,70,44,55,41
809,Gourgeist,Grass,Ghost,494,65,90,122,58,75,84
810,Gourgeist,Grass,Ghost,494,55,85,122,58,75,99
811,Gourgeist,Grass,Ghost,494,75,95,122,58,75,69
812,Gourgeist,Grass,Ghost,494,85,100,122,58,75,54
813,Bergmite,Ice,Not Available,304,55,69,85,32,35,28
814,Avalugg,Ice,Not Available,514,95,117,184,44,46,28
815,Noibat,Dragon,Flying,245,40,30,35,45,40,55
816,Noivern,Dragon,Flying,535,85,70,80,97,80,123
817,Xerneas,Fairy,Not Available,680,126,131,95,131,98,99
818,Yveltal,Flying,Dark,680,126,131,95,131,98,99
819,Zygarde50% ,Ground,Dragon,600,108,100,121,81,95,95
820,Zygarde10% ,Ground,Dragon,486,54,100,71,61,85,115
821,Zygarde,Ground,Dragon,708,216,100,121,91,95,85
822,Diancie,Fairy,Rock,600,50,100,150,100,150,50
823,Diancie,Fairy,Rock,700,50,160,110,160,110,110
824,Hoopa,Ghost,Psychic,600,80,110,60,150,130,70
825,Hoopa,Dark,Psychic,680,80,160,60,170,130,80
826,Volcanion,Water,Fire,600,80,110,120,130,90,70
827,Rowlet,Flying,Grass,320,68,55,55,50,50,42
828,Dartrix,Flying,Grass,420,78,75,75,70,70,52
829,Decidueye,Ghost,Grass,530,78,107,75,100,100,70
830,Litten,Fire,Not Available,320,45,65,40,60,40,70
831,Torracat,Fire,Not Available,420,65,85,50,80,50,90
832,Incineroar,Dark,Fire,530,95,115,90,80,90,60
833,Popplio,Water,Not Available,320,50,54,54,66,56,40
834,Brionne,Water,Not Available,420,60,69,69,91,81,50
835,Primarina,Fairy,Water,530,80,74,74,126,116,60
836,Pikipek,Flying,Normal,265,35,75,30,30,30,65
837,Trumbeak,Flying,Normal,355,55,85,50,40,50,75
838,Toucannon,Flying,Normal,485,80,120,75,75,75,60
839,Yungoos,Normal,Not Available,253,48,70,30,30,30,45
840,Gumshoos,Normal,Not Available,418,88,110,60,55,60,45
841,Grubbin,Bug,Not Available,300,47,62,45,55,45,46
842,Charjabug,Electric,Bug,400,57,82,95,55,75,36
843,Vikavolt,Electric,Bug,500,77,70,90,145,75,43
844,Crabrawler,Fighting,Not Available,338,47,82,57,42,47,63
845,Crabominable,Ice,Fighting,478,97,132,77,62,67,43
846,Oricorio,Flying,Fire,476,75,70,70,98,70,93
847,Oricorio,Flying,Electric,476,75,70,70,98,70,93
848,Oricorio,Flying,Psychic,476,75,70,70,98,70,93
849,Oricorio,Flying,Ghost,476,75,70,70,98,70,93
850,Cutiefly,Fairy,Bug,304,40,45,40,55,40,84
851,Ribombee,Fairy,Bug,464,60,55,60,95,70,124
852,Rockruff,Rock,Not Available,280,45,65,40,30,40,60
853,Rockruff,Rock,Not Available,280,45,65,40,30,40,60
854,Lycanroc,Rock,Not Available,487,75,115,65,55,65,112
855,Lycanroc,Rock,Not Available,487,85,115,75,55,75,82
856,Lycanroc,Rock,Not Available,487,75,117,65,55,65,110
857,Wishiwashi,Water,Not Available,175,45,20,20,25,25,40
858,Wishiwashi,Water,Not Available,620,45,140,130,140,135,30
859,Mareanie,Water,Poison,305,50,53,62,43,52,45
860,Toxapex,Water,Poison,495,50,63,152,53,142,35
861,Mudbray,Ground,Not Available,385,70,100,70,45,55,45
862,Mudsdale,Ground,Not Available,500,100,125,100,55,85,35
863,Dewpider,Bug,Water,269,38,40,52,40,72,27
864,Araquanid,Bug,Water,454,68,70,92,50,132,42
865,Fomantis,Grass,Not Available,250,40,55,35,50,35,35
866,Lurantis,Grass,Not Available,480,70,105,90,80,90,45
867,Morelull,Fairy,Grass,285,40,35,55,65,75,15
868,Shiinotic,Fairy,Grass,405,60,45,80,90,100,30
869,Salandit,Fire,Poison,320,48,44,40,71,40,77
870,Salazzle,Fire,Poison,480,68,64,60,111,60,117
871,Stufful,Fighting,Normal,340,70,75,50,45,50,50
872,Bewear,Fighting,Normal,500,120,125,80,55,60,60
873,Bounsweet,Grass,Not Available,210,42,30,38,30,38,32
874,Steenee,Grass,Not Available,290,52,40,48,40,48,62
875,Tsareena,Grass,Not Available,510,72,120,98,50,98,72
876,Comfey,Fairy,Not Available,485,51,52,90,82,110,100
877,Oranguru,Psychic,Normal,490,90,60,80,90,110,60
878,Passimian,Fighting,Not Available,490,100,120,90,40,60,80
879,Wimpod,Water,Bug,230,25,35,40,20,30,80
880,Golisopod,Water,Bug,530,75,125,140,60,90,40
881,Sandygast,Ground,Ghost,320,55,55,80,70,45,15
882,Palossand,Ground,Ghost,480,85,75,110,100,75,35
883,Pyukumuku,Water,Not Available,410,55,60,130,30,130,5
884,Type: ,Normal,Not Available,534,95,95,95,95,95,59
885,Silvally,Normal,Not Available,570,95,95,95,95,95,95
886,Minior,Flying,Rock,440,60,60,100,60,100,60
887,Minior,Flying,Rock,500,60,100,60,100,60,120
888,Komala,Normal,Not Available,480,65,115,65,75,95,65
889,Turtonator,Dragon,Fire,485,60,78,135,91,85,36
890,Togedemaru,Steel,Electric,435,65,98,63,40,73,96
891,Mimikyu,Fairy,Ghost,476,55,90,80,50,105,96
892,Bruxish,Psychic,Water,475,68,105,70,70,70,92
893,Drampa,Dragon,Normal,485,78,60,85,135,91,36
894,Dhelmise,Grass,Ghost,517,70,131,100,86,90,40
895,Jangmo-o,Dragon,Not Available,300,45,55,65,45,45,45
896,Hakamo-o,Fighting,Dragon,420,55,75,90,65,70,65
897,Kommo-o,Fighting,Dragon,600,75,110,125,100,105,85
898,Tapu ,Fairy,Electric,570,70,115,85,95,75,130
899,Tapu ,Fairy,Psychic,570,70,85,75,130,115,95
900,Tapu ,Fairy,Grass,570,70,130,115,85,95,75
901,Tapu ,Fairy,Water,570,70,75,115,95,130,85
902,Cosmog,Psychic,Not Available,200,43,29,31,29,31,37
903,Cosmoem,Psychic,Not Available,400,43,29,131,29,131,37
904,Solgaleo,Steel,Psychic,680,137,137,107,113,89,97
905,Lunala,Ghost,Psychic,680,137,113,89,137,107,97
906,Nihilego,Poison,Rock,570,109,53,47,127,131,103
907,Buzzwole,Fighting,Bug,570,107,139,139,53,53,79
908,Pheromosa,Fighting,Bug,570,71,137,37,137,37,151
909,Xurkitree,Electric,Not Available,570,83,89,71,173,71,83
910,Celesteela,Flying,Steel,570,97,101,103,107,101,61
911,Kartana,Steel,Grass,570,59,181,131,59,31,109
912,Guzzlord,Dragon,Dark,570,223,101,53,97,53,43
913,Necrozma,Psychic,Not Available,600,97,107,101,127,89,79
914,Necrozma,Steel,Psychic,680,97,157,127,113,109,77
915,Necrozma,Ghost,Psychic,680,97,113,109,157,127,77
916,Necrozma,Dragon,Psychic,754,97,167,97,167,97,129
917,Magearna,Fairy,Steel,600,80,95,115,130,115,65
918,Marshadow,Ghost,Fighting,600,90,125,80,90,90,125
919,Poipole,Poison,Not Available,420,67,73,67,73,67,73
920,Naganadel,Dragon,Poison,540,73,73,73,127,73,121
921,Stakataka,Steel,Rock,570,61,131,211,53,101,13
922,Blacephalon,Ghost,Fire,570,53,127,53,151,79,107
923,Zeraora,Electric,Not Available,600,88,112,75,102,80,143
924,Meltan,Steel,Not Available,300,46,65,65,55,35,34
925,Melmetal,Steel,Not Available,600,135,143,143,80,65,34
